Symbol,Datetime,Open,High,Low,Close,Volume,Best_Bid_Size,Best_Ask_Size,Total_Bid_Depth,Total_Ask_Depth,Spread
ADA-USD,2025-04-26 17:10:00-04:00,0.7058,0.7066,0.7056,0.7063,58855.32400398,504.18044026,2788.35550664,20798772.54131308,77041982.33932899,0.0001999999999999
ADA-USD,2025-04-26 17:15:00-04:00,0.7064,0.7064,0.7062,0.7062,20364.60762852,500.0,1639.75171323,20777446.372615434,76997471.05729821,0.0001999999999999
ADA-USD,2025-04-26 17:15:00-04:00,0.7064,0.7068,0.7062,0.7068,25157.1805891,1983.16622766,1643.2362872,20804894.57628233,76963358.24641559,0.0001999999999999
ADA-USD,2025-04-26 17:15:00-04:00,0.7064,0.7072,0.7062,0.7067,37421.19699033,1.74777249,544.6637708,20797192.34250624,77013359.74874632,9.9999999999989e-05
ADA-USD,2025-04-26 17:15:00-04:00,0.7064,0.7072,0.7062,0.7063,43429.21700701,3088.05611757,1578.32303791,20744416.563092533,77043756.32861981,0.0001999999999999
ADA-USD,2025-04-26 17:15:00-04:00,0.7064,0.7072,0.7058,0.706,49042.30438503,1554.73587909,798.40556363,20753860.653656486,77034116.80052912,0.0001999999999999
ADA-USD,2025-04-26 17:20:00-04:00,0.7054,0.7055,0.7053,0.7054,1168.23516324,3.8541799,270.18711069,20713164.80584504,77020569.88724487,9.9999999999989e-05
ADA-USD,2025-04-26 17:20:00-04:00,0.7054,0.7058,0.7052,0.7056,1290.96429267,4102.10118136,827.78487467,20697559.354484003,76983674.64423151,0.0001999999999999
ADA-USD,2025-04-26 17:20:00-04:00,0.7054,0.7058,0.7052,0.7055,12926.62714658,1224.22469677,1081.76648607,20703096.175545145,77185417.52664563,0.0001999999999999
ADA-USD,2025-04-26 17:20:00-04:00,0.7054,0.706,0.7052,0.706,14782.70636272,2037.82834567,2612.03985204,20707787.16141688,77141960.8622765,0.0001999999999999
ADA-USD,2025-04-26 17:20:00-04:00,0.7054,0.7074,0.7052,0.7074,24837.62494848,2473.87599317,3139.01678837,20836490.39662683,77188576.92131144,0.0001999999999999
ADA-USD,2025-04-26 17:25:00-04:00,0.7073,0.7074,0.7071,0.7074,2549.78022005,2003.59914152,1494.57526583,20788047.05387733,77153172.48223118,0.0002999999999999
ADA-USD,2025-04-26 17:25:00-04:00,0.7073,0.7074,0.7071,0.7072,3360.57764792,836.12359701,1942.47257348,20787497.794721555,77178362.03840539,0.0001999999999999
ADA-USD,2025-04-26 17:25:00-04:00,0.7073,0.7074,0.707,0.707,4366.4779556,113.65423087,4936.2563221,20710886.05010572,77087568.60660358,0.0002
ADA-USD,2025-04-26 17:25:00-04:00,0.7073,0.7074,0.7068,0.707,6271.07370767,2.17260142,2797.57326768,20760203.069873687,77094393.82052934,0.0001999999999999
ADA-USD,2025-04-26 17:25:00-04:00,0.7073,0.7074,0.7065,0.7065,9283.51860488,2298.59097924,1959.36342026,20768446.972693868,77094734.19730213,0.0001999999999999
ADA-USD,2025-04-26 17:30:00-04:00,0.7063,0.7064,0.7062,0.7062,701.29205411,3613.39542607,1000.20098916,20794566.144894905,77094179.61182417,0.0002
ADA-USD,2025-04-26 17:30:00-04:00,0.7063,0.7064,0.7058,0.7059,7626.20761854,5436.60962081,794.01934376,20573022.041537896,77045103.91932178,0.0001999999999999
ADA-USD,2025-04-26 17:30:00-04:00,0.7063,0.7064,0.7057,0.7059,10098.40221801,1443.00142715,7.00328791,20597516.058730982,77111473.49702264,9.9999999999989e-05
ADA-USD,2025-04-26 17:30:00-04:00,0.7063,0.7067,0.7057,0.7065,12399.5494728,278.61306314,3035.36806043,20610406.383897904,77052307.06784506,0.0001999999999999
ADA-USD,2025-04-26 17:50:00-04:00,0.7052,0.7052,0.704,0.7043,8700.65046551,15.44706734,57.14829767,20866229.11460257,77129517.87164354,9.9999999999989e-05
ADA-USD,2025-04-26 17:55:00-04:00,0.7042,0.7043,0.704,0.704,1774.48910023,3.0742648,2464.11722379,20850899.72153699,77124690.48438771,9.9999999999989e-05
ADA-USD,2025-04-26 18:05:00-04:00,0.7064,0.7066,0.706,0.7064,11870.82840489,3058.84195088,561.93102285,20864093.280393828,77182801.52358642,0.0001999999999999
ADA-USD,2025-04-26 18:05:00-04:00,0.7064,0.7074,0.706,0.7074,16244.83795198,15.37285506,139.6258,20884926.037480403,77141823.50371966,9.9999999999989e-05
ADA-USD,2025-04-26 18:05:00-04:00,0.7064,0.7086,0.706,0.7086,18006.27142834,1115.24527613,313.17150975,20860252.061060928,77187521.74311863,0.0002
ADA-USD,2025-04-26 18:05:00-04:00,0.7064,0.7086,0.706,0.7082,19130.75726753,15.36200159,786.84483888,20866621.206640445,77181911.71795355,9.9999999999989e-05
ADA-USD,2025-04-26 18:10:00-04:00,0.7083,0.7083,0.7075,0.7075,2590.73773759,356.10446401,515.37835561,20834626.91624669,77105560.77180701,9.9999999999989e-05
ADA-USD,2025-04-26 18:10:00-04:00,0.7083,0.7083,0.7074,0.708,3876.27090628,1863.54179564,1044.97100465,20855546.659432687,77126465.86397658,0.0002
ADA-USD,2025-04-26 18:10:00-04:00,0.7083,0.7083,0.7074,0.7079,8573.31758092,15.12633114,2600.38857776,20882942.081366267,77184919.72898081,0.0001999999999999
ADA-USD,2025-04-26 18:10:00-04:00,0.7083,0.7083,0.7074,0.7077,9123.75417317,2479.09851434,1619.34900375,20885562.212182872,77164612.39835997,0.0001999999999999
ADA-USD,2025-04-26 18:10:00-04:00,0.7083,0.7083,0.7074,0.7083,9459.48205992,309.12002224,2.20368727,20881070.852007844,77170526.98049945,9.9999999999989e-05
ADA-USD,2025-04-26 18:15:00-04:00,0.7088,0.7089,0.7085,0.7085,11216.52035675,2.72438728,4621.26925325,20854272.705402188,77177549.19876984,0.0002
ADA-USD,2025-04-26 18:15:00-04:00,0.7088,0.7089,0.7081,0.7081,11222.87286589,1.41101694,6672.09943285,20832241.701190244,77169373.2163052,9.9999999999989e-05
ADA-USD,2025-04-26 18:15:00-04:00,0.7088,0.7089,0.7078,0.708,16355.70527716,1615.82995552,4046.67647653,20849920.446623445,77156684.41806291,0.0001999999999999
ADA-USD,2025-04-26 18:15:00-04:00,0.7088,0.7098,0.7078,0.7095,27405.55857276,5.75251335,13.9063453,20900535.87699164,77086982.8680557,9.9999999999989e-05
ADA-USD,2025-04-26 18:15:00-04:00,0.7088,0.7103,0.7078,0.7102,109753.05651491,2164.31543654,560.00593233,20907478.912950724,76993569.29261135,0.0001999999999999
ADA-USD,2025-04-26 18:15:00-04:00,0.7088,0.7105,0.7078,0.7103,128098.41897605,2794.31594042,1593.74496849,20983526.90229633,76962087.43732831,0.0001999999999999
ADA-USD,2025-04-26 18:20:00-04:00,0.7104,0.7106,0.7095,0.7095,12836.6938318,2675.45242521,15.33159789,20908619.494827434,77122382.7218827,0.0001999999999999
ADA-USD,2025-04-26 18:20:00-04:00,0.7104,0.7106,0.7095,0.7098,33479.45554175,15.32521415,6418.46782062,20935744.077255525,77062854.84092957,9.9999999999989e-05
ADA-USD,2025-04-26 18:20:00-04:00,0.7104,0.7106,0.7095,0.7101,40183.30211817,493.91769109,515.31887135,20918249.982533325,77042336.78305273,0.0001000000000001
ADA-USD,2025-04-26 18:20:00-04:00,0.7104,0.7106,0.7095,0.71,43183.43547052,2.29272298,1058.47161652,20915094.405259386,77068398.62832606,9.9999999999989e-05
ADA-USD,2025-04-26 18:20:00-04:00,0.7104,0.7106,0.7095,0.7106,49921.78631639,15.21731282,2.24928953,20907229.857328463,77068511.26377177,9.9999999999989e-05
ADA-USD,2025-04-26 18:25:00-04:00,0.7105,0.7106,0.7098,0.7098,23869.83410406,754.69039784,13.46983353,20896816.386875592,77065975.24256669,9.9999999999989e-05
ADA-USD,2025-04-26 18:25:00-04:00,0.7105,0.7106,0.7095,0.7095,27100.85930029,2679.63762464,576.17626553,20940239.48751632,77059298.43201393,0.0001999999999999
ADA-USD,2025-04-26 18:25:00-04:00,0.7105,0.7106,0.7095,0.71,29580.67557319,462.70642339,3668.78696944,20903375.991552584,77092893.61987446,0.0001999999999999
ADA-USD,2025-04-26 18:25:00-04:00,0.7105,0.7106,0.7095,0.7098,31093.03439719,1971.51551935,2520.32273559,20894763.10154388,77040607.35593577,0.0001999999999999
ADA-USD,2025-04-26 18:25:00-04:00,0.7105,0.7106,0.7094,0.7096,32763.18292085,1156.49141872,1705.07905303,20901276.029644445,77057132.56218302,0.0001999999999999
ADA-USD,2025-04-26 18:30:00-04:00,0.7096,0.7101,0.7094,0.7101,1777.05847928,1.40724045,2372.99416041,20914536.44704948,77070499.40879849,9.9999999999989e-05
ADA-USD,2025-04-26 19:15:00-04:00,0.7071,0.7083,0.7068,0.7081,11527.88977585,1450.8425135,3855.8321555,20884040.113406222,77093645.32893065,0.0001999999999999
ADA-USD,2025-04-26 19:15:00-04:00,0.7071,0.7085,0.7068,0.7085,11817.61152612,2507.39097962,3387.31088834,20889090.642178304,77084729.64923556,0.0001999999999999
ADA-USD,2025-04-26 19:20:00-04:00,0.7084,0.7085,0.7081,0.7084,1221.69386385,1697.29447251,3069.37069934,20848738.430387218,77091306.60947683,0.0001999999999999
ADA-USD,2025-04-26 19:20:00-04:00,0.7084,0.7085,0.7077,0.7078,3063.99531719,6814.33468194,1.94462502,20860371.116465867,77099632.08172819,9.9999999999989e-05
ADA-USD,2025-04-26 19:20:00-04:00,0.7084,0.7085,0.7077,0.7079,3333.74391923,8466.16160273,3726.3940698,20842184.260438908,77076355.56789969,0.0001999999999999
ADA-USD,2025-04-26 19:20:00-04:00,0.7084,0.7085,0.7077,0.7082,7368.63849123,15.37068314,13.58059063,20851395.279016007,77087197.81639501,9.9999999999989e-05
ADA-USD,2025-04-26 19:25:00-04:00,0.7081,0.7083,0.7077,0.7077,3066.35103233,154.99648314,12.54815557,20871274.287931588,77094739.02151456,9.9999999999989e-05
ADA-USD,2025-04-26 19:25:00-04:00,0.7081,0.7083,0.7076,0.7076,11166.4580548,7778.29413936,1617.1859843,20842616.49224124,77095020.5212385,0.0001999999999999
ADA-USD,2025-04-26 19:25:00-04:00,0.7081,0.7085,0.7076,0.7085,19418.03978782,4696.17396757,415.58446225,20915283.16488897,77091013.66140041,0.0001999999999999
ADA-USD,2025-04-26 19:25:00-04:00,0.7081,0.7085,0.7076,0.708,20543.67663485,3030.77227202,2348.46060114,20909595.05480468,77097011.02560239,0.0002
ADA-USD,2025-04-26 19:25:00-04:00,0.7081,0.7085,0.7076,0.708,21636.99166119,15.36851183,300.15298488,20837040.69990184,77079673.97440603,9.9999999999989e-05
ADA-USD,2025-04-26 19:30:00-04:00,0.7079,0.7081,0.7078,0.7079,1198.15526272,5.08520869,139.6258,20813623.569719937,77090103.21583036,9.9999999999989e-05
ADA-USD,2025-04-26 19:30:00-04:00,0.7079,0.7081,0.7077,0.7077,2112.69317362,0.00507554,1269.79784944,20877768.071188785,77096767.29571126,9.9999999999989e-05
ADA-USD,2025-04-26 19:30:00-04:00,0.7079,0.7081,0.7069,0.7071,4261.69656799,6926.85426655,15.39018478,20831268.177813776,77092653.99959053,0.0001999999999999
ADA-USD,2025-04-26 19:30:00-04:00,0.7079,0.7081,0.7069,0.7073,5006.65309399,758.60604605,1507.77429024,20877280.946137857,77097158.47044466,9.9999999999989e-05
ADA-USD,2025-04-26 19:30:00-04:00,0.7079,0.7081,0.7069,0.7078,16105.0359881,2136.7179451,4311.85592432,20858221.01166541,77099117.17061524,0.0001999999999999
ADA-USD,2025-04-26 19:35:00-04:00,0.7079,0.7084,0.7079,0.7081,3117.67462831,10.05280524,154.99216294,20818590.576844133,77102206.20028536,9.9999999999989e-05
ADA-USD,2025-04-26 19:35:00-04:00,0.7079,0.7084,0.7076,0.7076,3833.57667469,10.36594951,1103.3809674,20844161.75956184,77103384.86706764,9.9999999999989e-05
ADA-USD,2025-04-26 19:35:00-04:00,0.7079,0.7084,0.7075,0.7078,5028.28953962,15.37068314,151.7468666,20796240.67993989,77090796.43462913,9.9999999999989e-05
ADA-USD,2025-04-26 19:35:00-04:00,0.7079,0.7084,0.7075,0.7079,7769.16299647,4929.96460864,15.38354857,20804892.794287648,77108476.76678029,0.0002
ADA-USD,2025-04-26 19:35:00-04:00,0.7079,0.7084,0.7069,0.707,13115.01914545,2038.09299701,2871.83433718,20826560.944786675,77103206.65373021,0.0002
ADA-USD,2025-04-26 19:40:00-04:00,0.7071,0.7074,0.7071,0.7073,9766.61709157,3691.96183264,3482.59964135,20828462.88583836,77106730.08682337,0.0002
ADA-USD,2025-04-26 19:40:00-04:00,0.7071,0.7074,0.7069,0.7072,11663.10614957,13979.11866391,15.38376885,20819825.333012585,77088042.27064309,0.0002
ADA-USD,2025-04-26 19:40:00-04:00,0.7071,0.7074,0.7069,0.7073,12046.78632037,2281.49850686,3105.80905136,20827785.94924592,77115176.48390582,0.0001999999999999
ADA-USD,2025-04-26 19:40:00-04:00,0.7071,0.7078,0.7069,0.7078,13774.60410176,121.42310044,5.95e-06,20802249.67801242,77118810.4234734,9.9999999999989e-05
ADA-USD,2025-04-26 19:40:00-04:00,0.7071,0.708,0.7069,0.7078,13903.38125276,2036.60791417,15.36856303,20800876.67195483,77099944.03517836,0.0001999999999999
ADA-USD,2025-04-26 19:40:00-04:00,0.7071,0.708,0.7069,0.7076,13994.42534776,5862.54808716,380.85834276,20808010.308257848,77104840.58276676,0.0001999999999999
ADA-USD,2025-04-26 19:45:00-04:00,0.708,0.708,0.7075,0.7075,559.89000239,5307.93008088,360.10216721,20609031.25027317,77100165.05235101,0.0002
ADA-USD,2025-04-26 19:45:00-04:00,0.708,0.708,0.7071,0.7075,1939.87743039,4336.90325465,15.38141768,20615280.25268071,76990514.6206101,0.0002
ADA-USD,2025-04-26 19:45:00-04:00,0.708,0.708,0.7069,0.707,4611.40778139,2138.33503166,1107.89808771,20674137.84668928,77100767.22307457,0.0001999999999999
ADA-USD,2025-04-26 19:45:00-04:00,0.708,0.708,0.7069,0.7071,7707.23289039,8e-06,2663.70994699,20626968.07926948,77083606.33030272,9.9999999999989e-05
ADA-USD,2025-04-26 19:50:00-04:00,0.707,0.707,0.707,0.707,11.80942862,8e-06,3664.77109609,20681059.45035876,77106710.80763757,9.9999999999989e-05
ADA-USD,2025-04-26 19:50:00-04:00,0.707,0.707,0.7068,0.7068,3649.09644162,4274.88517046,1134.67302045,20644963.14978524,77079991.77052963,0.0001999999999999
ADA-USD,2025-04-26 19:50:00-04:00,0.707,0.7073,0.7063,0.7063,9097.36963302,6327.87044239,3262.67500052,20651519.313889533,77105992.40354995,0.0001999999999999
ADA-USD,2025-04-26 19:50:00-04:00,0.707,0.7073,0.7063,0.7068,10887.10629407,6199.67608353,15.38787911,20667206.023341823,77103237.1290586,0.0001999999999999
ADA-USD,2025-04-26 19:50:00-04:00,0.707,0.7077,0.7063,0.7077,10974.96003707,408.94952325,13.96377168,20654753.642120752,77073115.2809886,9.9999999999989e-05
ADA-USD,2025-04-26 19:55:00-04:00,0.7078,0.7081,0.7078,0.7079,1539.08183,2618.06802767,2210.22800037,20695842.92790553,77102509.54124883,0.0001999999999999
ADA-USD,2025-04-26 19:55:00-04:00,0.7078,0.7081,0.7076,0.7077,3271.042091,4291.19226996,2451.09439218,20661584.21844112,77071612.1987258,9.9999999999989e-05
ADA-USD,2025-04-26 19:55:00-04:00,0.7078,0.7081,0.7073,0.7073,8552.5481281,5175.3424207,1611.34342057,20619773.41853641,77092071.77706055,0.0001999999999999
ADA-USD,2025-04-26 19:55:00-04:00,0.7078,0.7081,0.7068,0.707,10514.66618558,468.29109983,2521.66833021,20543389.016936023,77047132.1050277,9.9999999999989e-05
ADA-USD,2025-04-26 19:55:00-04:00,0.7078,0.7081,0.7068,0.7072,13047.24703196,3730.89818436,1411.74269281,20549713.65171105,76990023.1202866,0.0001999999999999
ADA-USD,2025-04-26 20:00:00-04:00,0.7071,0.7071,0.7071,0.7071,93.9547958,15.39460807,139.6258,20595692.58620927,77079899.68356249,9.9999999999989e-05
ADA-USD,2025-04-26 20:00:00-04:00,0.7071,0.7076,0.7067,0.7069,1636.04311449,15.39460807,311.58146872,20632348.129624743,77086176.2778793,9.9999999999989e-05
ADA-USD,2025-04-26 20:00:00-04:00,0.7071,0.7076,0.7066,0.7072,7642.73977253,3020.19849436,1605.85447409,20691601.379870582,77024399.0363106,0.0001999999999999
ADA-USD,2025-04-26 20:00:00-04:00,0.7071,0.7076,0.7055,0.7057,24306.57414181,1623.77613057,1897.02241672,20643232.688650392,77067510.3609725,9.9999999999989e-05
ADA-USD,2025-04-26 20:00:00-04:00,0.7071,0.7076,0.7051,0.7051,31051.573367,7339.11180962,3112.87324085,20622053.412485965,77078390.81107377,0.0002999999999999
ADA-USD,2025-04-26 20:05:00-04:00,0.7049,0.7051,0.7049,0.7051,29.229978,1662.94650124,4976.22183836,20603606.87343905,77085876.21470508,0.0002
ADA-USD,2025-04-26 20:05:00-04:00,0.7049,0.7053,0.7048,0.7048,3784.89283081,1498.2440062,8004.51731276,20623004.892086875,77019557.56270103,0.0001999999999999
ADA-USD,2025-04-26 20:05:00-04:00,0.7049,0.706,0.7048,0.706,4588.17906203,4174.48526582,6399.43801078,20625194.327695843,77063666.49819855,0.0002999999999999
ADA-USD,2025-04-26 20:05:00-04:00,0.7049,0.7079,0.7048,0.7077,17849.15839816,4323.51603173,139.6258,20685041.845751632,77032709.44695655,0.0002
ADA-USD,2025-04-26 20:05:00-04:00,0.7049,0.7082,0.7048,0.7082,30443.34533069,2819.62471,1310.26928129,20710431.50839873,77081448.69958238,0.0001999999999999
ADA-USD,2025-04-26 20:10:00-04:00,0.7083,0.7089,0.7081,0.7085,32105.37451858,4541.56631039,403.22762092,20688718.421419147,77046333.06081857,0.0002
ADA-USD,2025-04-26 20:10:00-04:00,0.7083,0.7089,0.7079,0.7089,42401.49583981,4127.41343544,3499.32918562,20574899.56746065,77041495.59492114,0.0002999999999999
ADA-USD,2025-04-26 20:10:00-04:00,0.7083,0.7093,0.7079,0.7093,50420.84786021,4786.96360704,139.6258,20726560.85833868,77021589.08273582,0.0001999999999999
ADA-USD,2025-04-26 20:10:00-04:00,0.7083,0.7094,0.7079,0.709,51142.29621156,423.23064344,609.34596817,20834514.0315476,77073105.25371185,0.0001999999999999
ADA-USD,2025-04-26 20:10:00-04:00,0.7083,0.7096,0.7079,0.7093,53034.84351999,2014.71002214,1250.81036,20798880.16347104,77083729.16636172,0.0001999999999999
ADA-USD,2025-04-26 20:15:00-04:00,0.7096,0.71,0.7093,0.71,3661.67577026,3111.97863689,2827.71254359,20854522.30751944,77027516.812356,0.0001999999999999
ADA-USD,2025-04-26 20:15:00-04:00,0.7096,0.7102,0.7093,0.7098,4881.14693602,422.63708288,3095.79376495,20837645.17518628,77063609.52806783,0.0001999999999999
ADA-USD,2025-04-26 20:15:00-04:00,0.7096,0.711,0.7093,0.711,26725.00365831,3834.63434472,1348.65523412,20871294.945357125,77047967.91343318,0.0001999999999999
ADA-USD,2025-04-26 20:15:00-04:00,0.7096,0.7119,0.7093,0.7116,35073.49448958,4.70466252,139.6258,20817713.87545312,77079325.561889,9.9999999999989e-05
ADA-USD,2025-04-26 20:15:00-04:00,0.7096,0.7151,0.7093,0.715,90802.29689961,15.22015882,1089.14143264,20850883.509070925,76994292.09449331,9.9999999999989e-05
ADA-USD,2025-04-26 20:20:00-04:00,0.715,0.7167,0.7141,0.7148,345308.7840501,3.36903782,4551.44687783,20912589.53591673,77024814.27533966,9.9999999999989e-05
ADA-USD,2025-04-26 20:20:00-04:00,0.715,0.7167,0.7131,0.7142,394400.06351439,3757.32348244,362.71753043,21514828.5758311,77007198.4304185,0.0001999999999999
ADA-USD,2025-04-26 20:20:00-04:00,0.715,0.7167,0.7131,0.7136,414130.22754355,16347.34822409,1005.3923,20861474.1824176,77038632.90764748,0.0002
ADA-USD,2025-04-26 20:20:00-04:00,0.715,0.7167,0.7127,0.7127,419810.39683787,3566.1888247,342.51437169,20815887.80636872,76973748.32779261,0.0001999999999999
ADA-USD,2025-04-26 20:20:00-04:00,0.715,0.7167,0.7122,0.7133,434052.52819359,233.9548734,490.03878341,21409487.26856407,76975116.04326846,0.0001000000000001
ADA-USD,2025-04-26 20:25:00-04:00,0.7132,0.7134,0.7122,0.7125,7427.61216674,2062.28112635,772.06126991,20818292.21269948,77009247.80219182,0.0001999999999999
ADA-USD,2025-04-26 20:25:00-04:00,0.7132,0.7142,0.7122,0.714,18031.34760748,13279.36267285,725.70235974,20803009.373187456,76990833.29288146,0.0001999999999999
ADA-USD,2025-04-26 20:25:00-04:00,0.7132,0.7151,0.7122,0.7146,42306.39596431,4902.16819,15.22446942,20842086.52693056,76977916.86427182,0.0001999999999999
ADA-USD,2025-04-26 20:25:00-04:00,0.7132,0.7151,0.7122,0.7151,42572.37221234,15.22868075,317.54117244,20815093.17933685,77012240.85390204,9.9999999999989e-05
ADA-USD,2025-04-26 20:25:00-04:00,0.7132,0.7152,0.7122,0.7146,50655.53397134,13493.89501017,922.68,20857725.87431028,77004670.31457794,0.0001999999999999
ADA-USD,2025-04-26 20:30:00-04:00,0.7148,0.7151,0.7141,0.7142,7520.07387673,1.39896373,4229.69860551,20793249.6031555,77034241.30963899,9.9999999999989e-05
ADA-USD,2025-04-26 20:30:00-04:00,0.7148,0.7151,0.7128,0.713,14772.1948015,2080.12191623,2292.23390049,20809986.27972572,77046405.33899751,0.0001999999999999
ADA-USD,2025-04-26 20:30:00-04:00,0.7148,0.7151,0.7122,0.7128,19565.05268857,1512.21477392,2366.22951491,20843697.18819717,77058664.0590011,0.0001999999999999
ADA-USD,2025-04-26 20:30:00-04:00,0.7148,0.7151,0.7122,0.7128,29114.40080907,2030.07799808,2644.02729346,20859900.678747628,77040260.67912285,0.0001999999999999
ADA-USD,2025-04-26 20:30:00-04:00,0.7148,0.7151,0.7122,0.7132,37146.21729989,2889.38693739,4124.1572813,20821611.85365556,77071950.33869353,0.0001999999999999
ADA-USD,2025-04-26 20:35:00-04:00,0.7131,0.7146,0.7131,0.7146,1411.10845727,15.22441859,310.12369652,20820656.136963967,77104473.94532287,9.9999999999989e-05
ADA-USD,2025-04-26 20:35:00-04:00,0.7131,0.7147,0.7131,0.714,8840.12704569,13073.86999606,1172.22418779,20796588.605541337,77079454.65827236,0.0001999999999999
ADA-USD,2025-04-26 20:35:00-04:00,0.7131,0.7147,0.7131,0.7137,17506.70081526,5.07505081,1159.43055825,20792386.796000257,77060475.03994745,9.9999999999989e-05
ADA-USD,2025-04-26 20:35:00-04:00,0.7131,0.7147,0.7131,0.7142,20281.23300611,3535.62787662,1799.83603339,20656714.175511584,77032452.01794876,0.0001999999999999
ADA-USD,2025-04-26 20:35:00-04:00,0.7131,0.715,0.7131,0.7149,21276.00057438,2276.32015931,374.36184534,20662153.954014003,76930581.46907936,0.0001999999999999
ADA-USD,2025-04-26 20:40:00-04:00,0.7149,0.7156,0.7149,0.7152,940.79805454,434.85380402,1861.34683947,20685838.87234712,77034905.3693104,0.0001999999999999
ADA-USD,2025-04-26 20:40:00-04:00,0.7149,0.7156,0.7149,0.7151,5052.99336516,1.39759373,351.41783366,20714052.92117847,77056583.74137534,9.9999999999989e-05
ADA-USD,2025-04-26 20:40:00-04:00,0.7149,0.7156,0.7149,0.7153,8065.26392574,2999.92675281,428.2627506,20713597.2239748,77021251.82306862,0.0002
ADA-USD,2025-04-26 20:40:00-04:00,0.7149,0.716,0.7149,0.716,9463.46403262,3093.04745894,2311.53759327,20718357.145057995,77085888.54158998,0.0001999999999999
ADA-USD,2025-04-26 20:40:00-04:00,0.7149,0.7165,0.7149,0.7165,20153.35304092,3933.47645168,918.03713986,20772163.89830296,77087052.97820833,0.0001999999999999
ADA-USD,2025-04-26 20:45:00-04:00,0.7166,0.7173,0.7163,0.7166,30098.37013298,1696.85001491,15.17149354,20799569.756612454,77024436.65947035,0.0001999999999999
ADA-USD,2025-04-26 20:45:00-04:00,0.7166,0.7173,0.7157,0.7159,41515.7025269,3493.34493953,853.46535151,20717400.039625213,77031928.58038516,9.9999999999989e-05
ADA-USD,2025-04-26 20:45:00-04:00,0.7166,0.7173,0.7156,0.7161,57145.71108648,1388.82477164,815.20129056,20670397.31382804,77024043.0189778,0.0001999999999999
ADA-USD,2025-04-26 20:45:00-04:00,0.7166,0.7173,0.715,0.7151,61067.33974415,1384.40917585,2.86757511,21362396.44781745,77036732.78946507,9.9999999999989e-05
ADA-USD,2025-04-26 20:45:00-04:00,0.7166,0.7173,0.7146,0.7149,66858.57379769,1320.62938923,1588.03363618,20719169.1954974,77048343.87725171,0.0001999999999999
ADA-USD,2025-04-26 20:50:00-04:00,0.7144,0.7152,0.7144,0.7152,14609.42254883,3927.83236291,2395.78923827,20748596.878402468,77063939.09529908,0.0001999999999999
ADA-USD,2025-04-26 20:50:00-04:00,0.7144,0.7169,0.7144,0.7169,18427.76152337,4928.59826008,312.46430032,20779794.64468225,77040919.73067549,0.0001999999999999
ADA-USD,2025-04-26 20:50:00-04:00,0.7144,0.7169,0.7144,0.7162,20339.82941624,15.19040704,2717.35990789,20697076.594839733,77031292.44421981,0.0002
ADA-USD,2025-04-26 20:50:00-04:00,0.7144,0.7169,0.7144,0.716,20561.44945961,2495.31642363,4253.41793377,20736874.353160303,77034319.2724548,0.0001999999999999
ADA-USD,2025-04-26 20:50:00-04:00,0.7144,0.7169,0.7144,0.7152,22192.37215519,7462.68999579,15.22233763,20584482.065994084,77091650.59967624,0.0001999999999999
ADA-USD,2025-04-26 20:55:00-04:00,0.7152,0.716,0.7148,0.716,2842.97597117,4199.80237201,1108.65570371,20556064.771093424,77053211.8045276,0.0001999999999999
ADA-USD,2025-04-26 20:55:00-04:00,0.7152,0.7171,0.7148,0.7171,6648.20525003,2434.15767134,3499.66259898,20590387.47338252,77086972.49711895,0.0001999999999999
ADA-USD,2025-04-26 20:55:00-04:00,0.7152,0.7171,0.7148,0.7164,25317.0035864,5382.85623786,3503.47090469,20824845.56772184,77068562.04980104,0.0001999999999999
ADA-USD,2025-04-26 20:55:00-04:00,0.7152,0.7171,0.7148,0.7163,27732.00137821,1.71235291,4388.85442112,20768343.16662981,77054493.6011013,0.0001999999999999
ADA-USD,2025-04-26 20:55:00-04:00,0.7152,0.7171,0.7148,0.7154,32240.58887829,6004.3813516,15.2034772,20566785.42425192,77073041.82437278,0.0001999999999999
ADA-USD,2025-04-26 21:00:00-04:00,0.716,0.7163,0.7152,0.7154,5552.40752557,15.21590143,8101.55819958,20735520.6490884,77071063.84067552,0.0003
ADA-USD,2025-04-26 21:00:00-04:00,0.716,0.7163,0.7148,0.715,17432.99314378,2.25e-06,394.58091121,20699982.75552257,77043186.0664246,9.9999999999989e-05
ADA-USD,2025-04-26 21:00:00-04:00,0.716,0.7163,0.7137,0.714,23638.17558114,3578.13144684,560.68973082,20731416.71059304,77115657.38245958,0.0001999999999999
ADA-USD,2025-04-26 21:00:00-04:00,0.716,0.7163,0.7137,0.7149,43594.05644685,5569.7889973,324.36347777,20754482.00948081,77218928.61239563,0.0001999999999999
ADA-USD,2025-04-26 21:00:00-04:00,0.716,0.7163,0.7137,0.7144,44758.62274696,350.69186122,3165.1774684,20788218.10295649,77076986.53249241,0.0001999999999999
ADA-USD,2025-04-26 21:05:00-04:00,0.7144,0.7157,0.7144,0.7157,11139.42556623,15.20101932,6597.59815315,20777003.44632316,77194571.48065385,0.0001999999999999
ADA-USD,2025-04-26 21:05:00-04:00,0.7144,0.7162,0.7144,0.716,15418.3574208,8141.85607286,39.87431187,20752898.223254982,77088107.68617971,0.0001999999999999
ADA-USD,2025-04-26 21:05:00-04:00,0.7144,0.7165,0.7144,0.7158,35220.25340667,295.90762042,25.11873629,20729529.25265573,77131184.21189584,9.9999999999989e-05
ADA-USD,2025-04-26 21:05:00-04:00,0.7144,0.7168,0.7144,0.7167,76525.88822787,15.18616628,3221.07579546,20788145.47922192,77154905.04183345,0.0001999999999999
ADA-USD,2025-04-26 21:05:00-04:00,0.7144,0.7179,0.7144,0.7174,103662.37935736,15.16711212,2110.01794036,20754033.994322043,77155175.62059131,0.0001999999999999
ADA-USD,2025-04-26 21:10:00-04:00,0.7176,0.7179,0.7158,0.7159,2726.5683383,2.44676355,10000.0,20768381.947769027,77151432.66382787,9.9999999999989e-05
ADA-USD,2025-04-26 21:10:00-04:00,0.7176,0.7179,0.7157,0.7159,13163.00843763,4217.99868258,15.19797407,20721105.92472769,77126160.52757764,0.0001999999999999
ADA-USD,2025-04-26 21:10:00-04:00,0.7176,0.7179,0.7156,0.7168,16312.64712402,1.4751475,1196.14573086,20716313.999098424,77195347.74366842,9.9999999999989e-05
ADA-USD,2025-04-26 21:10:00-04:00,0.7176,0.7179,0.7154,0.7176,29105.39513275,821.30491133,15357.08619335,20594778.923476733,77136807.20771809,0.0001999999999999
ADA-USD,2025-04-26 21:10:00-04:00,0.7176,0.718,0.7154,0.7172,46300.5995857,1048.04531187,2067.03266191,20705291.78644836,77154929.60660818,0.0001999999999999
ADA-USD,2025-04-26 21:15:00-04:00,0.7169,0.717,0.7156,0.7156,10587.75331881,2484.58316513,905.3839705,20780125.063421022,77163056.1617317,0.0001999999999999
ADA-USD,2025-04-26 21:15:00-04:00,0.7169,0.717,0.7149,0.716,14998.96405562,4.33909859,139.6258,20519155.828218665,77227987.86635222,9.9999999999989e-05
ADA-USD,2025-04-26 21:15:00-04:00,0.7169,0.7176,0.7149,0.7164,50046.24481962,336.19285116,5.5e-06,20510067.54230608,77167782.60846055,9.9999999999989e-05
ADA-USD,2025-04-26 21:15:00-04:00,0.7169,0.7176,0.7145,0.7145,77097.11176906,4.19669572,331.13060133,20547599.16308553,77178451.22925805,0.0001999999999999
ADA-USD,2025-04-26 21:15:00-04:00,0.7169,0.7176,0.7114,0.7117,101710.51983268,1613.31423175,139.6258,20395138.069621217,77157877.18757094,0.0001999999999999
ADA-USD,2025-04-26 21:20:00-04:00,0.7113,0.7113,0.709,0.7091,70746.63927592,921.13681937,15.34775584,20483164.59232676,77190891.01209556,0.0002
ADA-USD,2025-04-26 21:20:00-04:00,0.7113,0.7113,0.7089,0.7091,81837.42852185,15.33817782,327.00894454,20562173.46893025,77206887.61497033,9.9999999999989e-05
ADA-USD,2025-04-26 21:20:00-04:00,0.7113,0.7113,0.7053,0.7053,145057.90831876,1635.08310075,15.29398827,20511964.672011804,77159102.7487842,0.0001999999999999
ADA-USD,2025-04-26 21:20:00-04:00,0.7113,0.7113,0.7053,0.7058,249864.11019264,1593.08121674,15.40788323,20533865.095975365,77341822.30278322,0.0001999999999999
ADA-USD,2025-04-26 21:20:00-04:00,0.7113,0.7113,0.7053,0.7077,262836.15133389,2172.36572394,2133.0483876,20539924.97279252,77160924.62050481,0.0001999999999999
ADA-USD,2025-04-26 21:25:00-04:00,0.7073,0.7074,0.7059,0.7069,8274.10440161,871.73339102,4684.81122088,20538240.004131507,77107064.6072806,0.0001999999999999
ADA-USD,2025-04-26 21:25:00-04:00,0.7073,0.7082,0.7059,0.7066,36957.52010148,1.42518361,191.81951996,20425637.71532208,77065250.41986091,0.0001999999999999
ADA-USD,2025-04-26 21:25:00-04:00,0.7073,0.7084,0.7059,0.7084,43676.7490763,331.89626165,15.36189349,20520345.74283881,76988607.27394176,9.9999999999989e-05
ADA-USD,2025-04-26 21:25:00-04:00,0.7073,0.7097,0.7059,0.7091,58182.09020003,1762.75779654,4446.05382249,20475534.939558733,77110310.4224938,0.0001999999999999
ADA-USD,2025-04-26 21:25:00-04:00,0.7073,0.7097,0.7059,0.7088,59997.98242574,498.63878953,2042.53616094,20496744.64339279,77110865.08556181,0.0001999999999999
ADA-USD,2025-04-26 21:30:00-04:00,0.7087,0.7093,0.7083,0.7086,40689.67709623,1378.93392721,3765.06457937,20515807.691089112,77123842.66801399,0.0001999999999999
ADA-USD,2025-04-26 21:30:00-04:00,0.7087,0.7093,0.706,0.707,61935.46024251,0.00063847,639.6258,20468880.81274553,77096289.11843944,0.0001999999999999
ADA-USD,2025-04-26 21:30:00-04:00,0.7087,0.7093,0.7043,0.7043,70335.99916871,2094.65954174,279.2516,20463388.24121355,77134536.44394535,0.0001000000000001
ADA-USD,2025-04-26 21:30:00-04:00,0.7087,0.7093,0.7033,0.7037,90943.6694421,324.02429554,139.6258,20406869.20288173,77105590.56634037,9.9999999999989e-05
ADA-USD,2025-04-26 21:30:00-04:00,0.7087,0.7093,0.7014,0.7017,178365.43467075,1320.86422115,427.23007088,20499877.61351454,77149628.45817278,0.0001999999999999
ADA-USD,2025-04-26 21:35:00-04:00,0.702,0.7027,0.7017,0.7018,7139.87651452,786.82445565,2851.95957346,20517331.93298125,77111036.5973733,0.0002
ADA-USD,2025-04-26 21:35:00-04:00,0.702,0.7027,0.7013,0.7021,16535.56928109,1251.64503606,2112.6,20492693.732445568,77103024.89177018,0.0001999999999999
ADA-USD,2025-04-26 21:35:00-04:00,0.702,0.7041,0.7013,0.7039,26571.19096578,2192.31457967,2766.57449526,20480832.19851705,77164564.16559386,0.0001999999999999
ADA-USD,2025-04-26 21:35:00-04:00,0.702,0.7042,0.7013,0.7037,32834.64589138,504.6311203,3811.77393722,20457558.611401223,77114630.23516157,0.0001999999999999
ADA-USD,2025-04-26 21:35:00-04:00,0.702,0.7047,0.7013,0.704,32991.6275407,1.44451825,15.45378984,20431701.62003232,77123996.65036651,9.9999999999989e-05
ADA-USD,2025-04-26 21:40:00-04:00,0.7039,0.7039,0.7034,0.7035,2586.26260703,1635.4403868,5117.50474001,20476492.48375828,77159331.21935593,0.0001999999999999
ADA-USD,2025-04-26 21:40:00-04:00,0.7039,0.7047,0.7034,0.7045,20313.59514346,1449.97401503,783.15830496,20496802.71053076,77162098.24461065,0.0001999999999999
ADA-USD,2025-04-26 21:40:00-04:00,0.7039,0.7056,0.7034,0.7053,27488.33569624,2990.80314764,5.00920305,20476197.19119508,77140435.39958304,0.0001999999999999
ADA-USD,2025-04-26 21:40:00-04:00,0.7039,0.7061,0.7034,0.7061,27644.02787841,6236.51441252,1321.39450876,20518989.239556085,77130809.99287896,0.0001999999999999
ADA-USD,2025-04-26 21:40:00-04:00,0.7039,0.7062,0.7034,0.7052,29089.23254285,15.42954124,1104.6311203,20434165.307401408,77106955.75775275,0.0002
ADA-USD,2025-04-26 21:45:00-04:00,0.7051,0.7053,0.7036,0.7036,2849.0198326,1551.99299982,3069.08338187,20350100.424045373,77082914.43920285,0.0001999999999999
ADA-USD,2025-04-26 21:45:00-04:00,0.7051,0.7053,0.702,0.7021,11546.22311034,1.78068665,15.49461136,20518477.315742373,77144338.74479733,9.9999999999989e-05
ADA-USD,2025-04-26 21:45:00-04:00,0.7051,0.7053,0.7017,0.7035,16179.20404063,2285.5075678,1670.0073789,20534881.510042094,77100050.94564855,0.0001999999999999
ADA-USD,2025-04-26 21:45:00-04:00,0.7051,0.7053,0.7017,0.7026,28608.44973702,353.04775257,155.12479534,20520946.249995325,77097527.62958805,9.9999999999989e-05
ADA-USD,2025-04-26 21:45:00-04:00,0.7051,0.7053,0.7017,0.703,34927.53985078,1.52527095,15.47779277,20523650.643615603,77134236.44282907,0.0001000000000001
ADA-USD,2025-04-26 21:50:00-04:00,0.703,0.7033,0.7029,0.703,4682.3447817,718.29302345,306.54546865,20502344.35634494,77111011.12167665,9.9999999999989e-05
ADA-USD,2025-04-26 21:50:00-04:00,0.703,0.7033,0.7024,0.7027,7899.79084138,1553.73145815,2001.21754899,20544750.618724544,77152348.96573974,0.0001999999999999
ADA-USD,2025-04-26 21:50:00-04:00,0.703,0.7033,0.7011,0.7011,9963.62049117,3334.81591006,1973.00261238,20314651.588208783,77165880.6912292,0.0002
ADA-USD,2025-04-26 21:50:00-04:00,0.703,0.7033,0.7011,0.7014,10826.91241367,334.06048455,7836.59486866,20301576.721853007,77142972.48564427,0.0001999999999999
ADA-USD,2025-04-26 21:50:00-04:00,0.703,0.7033,0.7009,0.7021,14979.54219292,3273.56277173,31.94080685,20555015.431424383,77161110.82822374,0.0002
ADA-USD,2025-04-26 21:55:00-04:00,0.7022,0.7027,0.7014,0.7014,2291.22425078,1408.67732012,3244.02001236,20312047.50144537,77146038.76636958,0.0001999999999999
ADA-USD,2025-04-26 21:55:00-04:00,0.7022,0.7027,0.701,0.701,5004.68500311,5232.1799487,2.28302862,20374781.68905969,77126366.36900708,0.0001999999999999
ADA-USD,2025-04-26 21:55:00-04:00,0.7022,0.7027,0.6994,0.6996,137525.46364749,0.00377535,2484.13957547,20503205.809072383,77122228.92406447,9.9999999999989e-05
ADA-USD,2025-04-26 21:55:00-04:00,0.7022,0.7027,0.697,0.6978,240024.93437712,804.31721712,8.84262407,20444581.160248544,77042104.6710646,0.0001000000000001
ADA-USD,2025-04-26 21:55:00-04:00,0.7022,0.7027,0.6968,0.6979,285900.82165794,3061.67527896,4.42470889,20502011.90426742,77067879.87450811,9.9999999999989e-05
ADA-USD,2025-04-26 22:00:00-04:00,0.6978,0.6984,0.6954,0.6981,66473.64069305,2845.83840644,1020.39489495,20484353.357099544,77052868.82732789,0.0001999999999999
ADA-USD,2025-04-26 22:00:00-04:00,0.6978,0.6999,0.6954,0.6998,133171.51793695,1221.66422859,146.70430594,20441292.314660337,77101030.34887716,9.9999999999989e-05
ADA-USD,2025-04-26 22:00:00-04:00,0.6978,0.7018,0.6954,0.7013,237746.69916944,926.70164,12.20972721,20437666.57012711,77048500.25074047,9.9999999999989e-05
ADA-USD,2025-04-26 22:00:00-04:00,0.6978,0.7019,0.6954,0.7006,271769.58141546,1451.81910461,12.09891697,20450536.239640344,77096581.54160175,9.9999999999989e-05
ADA-USD,2025-04-26 22:00:00-04:00,0.6978,0.7019,0.6954,0.7002,291305.43267306,462.63979,1565.44878444,20349162.229932114,77092379.09685674,0.0001000000000001
ADA-USD,2025-04-26 22:05:00-04:00,0.7001,0.7013,0.7,0.7009,4193.6059379,393.58766967,302.25958083,20480635.35844453,77106648.29564734,9.9999999999989e-05
ADA-USD,2025-04-26 22:05:00-04:00,0.7001,0.7017,0.7,0.7009,17793.35845915,215.56618,368.07471006,20415366.49192254,77088499.34697752,9.9999999999989e-05
ADA-USD,2025-04-26 22:05:00-04:00,0.7001,0.7017,0.7,0.7008,23677.65506423,67.566568,953.54490529,20384048.80017852,77109334.91801965,0.0001000000000001
ADA-USD,2025-04-26 22:05:00-04:00,0.7001,0.7017,0.7,0.7013,33608.38149673,4451.18812103,15.51571393,20416963.50500795,77118178.26715906,0.0002
ADA-USD,2025-04-26 22:05:00-04:00,0.7001,0.7018,0.7,0.7013,38099.68653612,7.26201753,596.14895442,20401806.73705617,77110215.91437891,9.9999999999989e-05
ADA-USD,2025-04-26 22:10:00-04:00,0.7013,0.7027,0.7013,0.7027,2790.01480501,898.21537978,139.6258,20335508.880881045,77064593.26458342,9.9999999999989e-05
ADA-USD,2025-04-26 22:10:00-04:00,0.7013,0.7036,0.7013,0.7036,98901.06676286,3211.7572041,15.46188869,20466212.15998018,77107815.24032465,0.0001999999999999
ADA-USD,2025-04-26 22:10:00-04:00,0.7013,0.7036,0.7013,0.7032,101588.10462915,1071.77188074,11.49299557,20456513.65419391,77096591.43023786,9.9999999999989e-05
ADA-USD,2025-04-26 22:10:00-04:00,0.7013,0.7039,0.7013,0.7038,118096.52427348,432.84539354,1.72894925,20518732.08234452,77097015.66305481,9.9999999999989e-05
ADA-USD,2025-04-26 22:10:00-04:00,0.7013,0.7045,0.7013,0.7045,139362.72013756,1709.55635229,279.2516,20543660.01053385,77086986.4647331,9.9999999999989e-05
ADA-USD,2025-04-26 22:15:00-04:00,0.7046,0.7049,0.704,0.704,10036.95518262,4007.76288991,15.46232143,20557095.189297576,77084465.5393758,0.0001999999999999
ADA-USD,2025-04-26 22:15:00-04:00,0.7046,0.7049,0.7033,0.7036,49693.23415964,1501.81643351,515.47248959,20431024.80214224,76965887.12015462,0.0002
ADA-USD,2025-04-26 22:15:00-04:00,0.7046,0.7049,0.7029,0.703,63473.40157538,1437.0949267,5629.22989088,20525661.06134412,77073411.60933903,0.0001999999999999
ADA-USD,2025-04-26 22:15:00-04:00,0.7046,0.7049,0.7026,0.703,75246.98392044,905.52260791,15.47230656,20556042.371585824,77065981.58310255,0.0001000000000001
ADA-USD,2025-04-26 22:15:00-04:00,0.7046,0.7049,0.7026,0.7043,79725.3434853,2723.28627865,1325.27223217,20498838.22168767,77071768.9371019,0.0001999999999999
ADA-USD,2025-04-26 22:20:00-04:00,0.7042,0.705,0.7041,0.705,12042.91617936,8742.40948231,47.41544722,20564254.724428453,77027749.01881744,0.0002
ADA-USD,2025-04-26 22:20:00-04:00,0.7042,0.7051,0.7041,0.7045,12606.6548042,1.94219652,9.47418505,20474843.20590915,77086309.47419164,9.9999999999989e-05
ADA-USD,2025-04-26 22:20:00-04:00,0.7042,0.7051,0.7034,0.7034,21318.55053097,1932.15871457,0.02578427,20523722.035792504,77094623.50509499,9.9999999999989e-05
ADA-USD,2025-04-26 22:20:00-04:00,0.7042,0.7051,0.7033,0.704,24459.7544858,3.54711788,279.2516,20545572.657108143,77108639.31131195,9.9999999999989e-05
ADA-USD,2025-04-26 22:20:00-04:00,0.7042,0.7051,0.7033,0.7044,31479.09264003,370.02551011,340.99363419,20517980.98127876,77080938.50968464,9.9999999999989e-05
ADA-USD,2025-04-26 22:25:00-04:00,0.7044,0.7049,0.7042,0.7042,11467.43814957,1968.15205808,4975.83853219,20564238.05040149,77082096.62677781,0.0002
ADA-USD,2025-04-26 22:25:00-04:00,0.7044,0.705,0.7042,0.705,22373.07527057,376.52031338,14.19680951,20492572.94604035,77084949.44065556,9.9999999999989e-05
ADA-USD,2025-04-26 22:25:00-04:00,0.7044,0.705,0.704,0.704,27299.01228407,2433.86371658,15.45463883,20583198.61535586,77084107.3672784,0.0002
ADA-USD,2025-04-26 22:25:00-04:00,0.7044,0.705,0.7039,0.7041,33229.44961399,203.79878026,133.98994,20566886.495577063,77088981.43083759,9.9999999999989e-05
ADA-USD,2025-04-26 22:25:00-04:00,0.7044,0.705,0.7035,0.7035,36797.71824246,938.87147283,3208.1413915,20508618.29527432,77102970.0160081,0.0001999999999999
ADA-USD,2025-04-26 22:30:00-04:00,0.7034,0.7035,0.7027,0.7027,18123.56942642,2609.07986379,5068.62720596,20559488.150253963,77106116.63374326,0.0001999999999999
ADA-USD,2025-04-26 22:30:00-04:00,0.7034,0.7035,0.7023,0.7023,24552.36071086,248.03779842,15.49224197,20532404.121241555,77065357.14533633,9.9999999999989e-05
ADA-USD,2025-04-26 22:30:00-04:00,0.7034,0.7035,0.702,0.7021,38315.227244,425.27204,600.46181221,20496792.14836911,77092495.66581693,9.9999999999989e-05
ADA-USD,2025-04-26 22:30:00-04:00,0.7034,0.7035,0.7015,0.7018,49414.62901108,804.2096,500.49412367,20337685.77125397,77095972.39906459,9.9999999999989e-05
ADA-USD,2025-04-26 22:30:00-04:00,0.7034,0.7035,0.701,0.702,55757.37227601,3233.5807534,1.72960351,20478686.38437145,77085051.28625956,9.9999999999989e-05
ADA-USD,2025-04-26 22:35:00-04:00,0.702,0.7031,0.702,0.703,3435.72257339,3510.89446083,4709.33462199,20509312.82774379,77089557.85835126,0.0002
ADA-USD,2025-04-26 22:35:00-04:00,0.702,0.7033,0.702,0.703,16417.26111443,105.05265735,15.47679048,20501064.55588927,77106987.9485512,9.9999999999989e-05
ADA-USD,2025-04-26 22:35:00-04:00,0.702,0.7033,0.702,0.7025,28319.58829336,408.10639259,712.02796892,20503325.26108714,77115372.4666193,9.9999999999989e-05
ADA-USD,2025-04-26 22:35:00-04:00,0.702,0.7033,0.7012,0.7015,39881.5094044,896.52880867,615.51114832,20464119.27906915,77081827.19851921,9.9999999999989e-05
ADA-USD,2025-04-26 22:35:00-04:00,0.702,0.7033,0.7012,0.7015,42717.42522234,2838.90822985,134.33323924,20520097.963327564,77089308.78774823,9.9999999999989e-05
ADA-USD,2025-04-26 22:40:00-04:00,0.7014,0.702,0.7012,0.7014,6995.96446159,2750.55649283,15.50780041,20516460.050488543,77032811.03346671,9.9999999999989e-05
ADA-USD,2025-04-26 22:40:00-04:00,0.7014,0.702,0.7012,0.7016,12604.47996428,4897.76885367,5318.87840544,20536158.079807367,77081087.69914666,0.0001999999999999
ADA-USD,2025-04-26 22:40:00-04:00,0.7014,0.702,0.7012,0.7014,16077.21426051,2.05836896,14.01090643,20544644.67554272,77097686.32523465,9.9999999999989e-05
ADA-USD,2025-04-26 22:40:00-04:00,0.7014,0.702,0.7006,0.7008,22720.03824778,1472.19556244,6572.35364742,20305440.219131514,77089505.4374893,0.0001999999999999
ADA-USD,2025-04-26 22:40:00-04:00,0.7014,0.702,0.7001,0.7006,38804.39673801,888.8032,911.98794899,20516536.77099009,77118624.38408926,9.9999999999989e-05
ADA-USD,2025-04-26 22:45:00-04:00,0.7004,0.7005,0.7,0.7002,9164.81305635,290.907427,1420.59927557,20498605.77999851,77358043.25402227,0.0001000000000001
ADA-USD,2025-04-26 22:45:00-04:00,0.7004,0.7005,0.6992,0.6994,18320.44362172,4139.33205992,3473.79465562,20509150.05535576,77368836.59337303,0.0001999999999999
ADA-USD,2025-04-26 22:45:00-04:00,0.7004,0.7005,0.6992,0.6993,24930.35160713,1042.34627287,4621.36742919,20492167.28352572,77389303.39424117,0.0001999999999999
ADA-USD,2025-04-26 22:45:00-04:00,0.7004,0.7005,0.6983,0.6989,38629.80915327,595.48922184,356.7852495,20289121.194992173,77366940.17149548,9.9999999999989e-05
ADA-USD,2025-04-26 22:45:00-04:00,0.7004,0.7005,0.6975,0.6976,44278.85630836,415.0152,1143.03833738,20517906.30598609,77365155.33877233,9.9999999999989e-05
ADA-USD,2025-04-26 22:50:00-04:00,0.6976,0.6983,0.6974,0.6983,21380.43068929,17.35643003,1456.31944139,20433387.35849708,77303362.99679188,0.0001000000000001
ADA-USD,2025-04-26 22:50:00-04:00,0.6976,0.6999,0.6974,0.6997,24085.09173934,3437.38506161,3166.9008205,20456037.8705128,77405150.242327,0.0001999999999999
ADA-USD,2025-04-26 22:50:00-04:00,0.6976,0.7,0.6974,0.7,24655.13181625,341.62207848,1976.30534866,20453048.98252008,77398313.4645261,9.9999999999989e-05
ADA-USD,2025-04-26 22:50:00-04:00,0.6976,0.7007,0.6974,0.7007,71446.1063789,17.526461,243951.45961554,20507349.009626992,77357790.16158997,9.9999999999989e-05
ADA-USD,2025-04-26 22:50:00-04:00,0.6976,0.7014,0.6974,0.7012,344468.86571798,951.51757171,12.75757684,20499739.756143983,76963118.852927,0.0001000000000001
ADA-USD,2025-04-26 22:55:00-04:00,0.7012,0.7014,0.7012,0.7014,4092.34465472,55.57471378,2612.29631469,20473227.31381344,76975840.28340468,9.9999999999989e-05
ADA-USD,2025-04-26 22:55:00-04:00,0.7012,0.7014,0.7006,0.7006,20451.352665,467.94556,139.6258,20459246.615340352,76943017.94917175,9.9999999999989e-05
ADA-USD,2025-04-26 22:55:00-04:00,0.7012,0.7014,0.7006,0.701,22234.12288785,945.33954757,15.52090688,20473225.428897683,76905129.88321862,9.9999999999989e-05
ADA-USD,2025-04-26 22:55:00-04:00,0.7012,0.7014,0.7006,0.7009,33179.137346,339.416947,984.9935117,20489347.395931643,76981753.44865137,9.9999999999989e-05
ADA-USD,2025-04-26 22:55:00-04:00,0.7012,0.7014,0.7006,0.701,41296.90692289,1502.15012704,7.52450467,20473983.12478708,76922663.44159499,9.9999999999989e-05
ADA-USD,2025-04-26 23:00:00-04:00,0.7011,0.7014,0.7011,0.7012,11818.99496346,3551.81670356,3922.62637148,20466085.38985797,76993223.05031309,0.0001999999999999
ADA-USD,2025-04-26 23:00:00-04:00,0.7011,0.7015,0.7008,0.7015,25765.53752028,367.48966634,139.6258,20473454.18932421,76975780.43756126,9.9999999999989e-05
ADA-USD,2025-04-26 23:10:00-04:00,0.7045,0.7047,0.7041,0.7044,29042.01163913,4.14029807,1661.34178081,20539846.80778074,77007047.34374861,9.9999999999989e-05
ADA-USD,2025-04-26 23:10:00-04:00,0.7045,0.7047,0.7041,0.7043,29966.29560279,2.70257621,15.44819515,20541154.04011714,76983678.56750207,9.9999999999989e-05
ADA-USD,2025-04-26 23:10:00-04:00,0.7045,0.7047,0.7034,0.7034,35722.11285867,2528.5626594,3701.22074784,20551204.5068349,76966513.54582524,0.0001999999999999
ADA-USD,2025-04-26 23:10:00-04:00,0.7045,0.7047,0.7034,0.7039,36591.94119092,139.03143978,337.8552911,20528294.48354327,76971348.89178501,9.9999999999989e-05
ADA-USD,2025-04-26 23:15:00-04:00,0.7038,0.7038,0.7035,0.7036,1607.56364508,3649.21370948,183.04021459,20541632.67850399,76992445.67971295,9.9999999999989e-05
ADA-USD,2025-04-26 23:15:00-04:00,0.7038,0.7047,0.7035,0.7047,7106.37716171,1122.76847498,900.30907392,20548801.51572792,76969779.39200203,9.9999999999989e-05
ADA-USD,2025-04-26 23:15:00-04:00,0.7038,0.7063,0.7035,0.7051,29546.85863024,8615.60730822,3072.0342476,20556235.490878683,76992215.4702142,0.0001999999999999
ADA-USD,2025-04-26 23:15:00-04:00,0.7038,0.7063,0.7035,0.7061,37435.25093282,4.88817388,15.41203261,20578998.03549262,76966380.98170933,9.9999999999989e-05
ADA-USD,2025-04-26 23:15:00-04:00,0.7038,0.7063,0.7035,0.7057,42659.49260343,4.09225918,498.17701143,20543472.5061264,76939883.25120793,9.9999999999989e-05
ADA-USD,2025-04-26 23:20:00-04:00,0.7053,0.7055,0.7052,0.7053,6603.47991842,3129.69923677,5582.66571495,20545051.413356524,76966829.195629,0.0001999999999999
ADA-USD,2025-04-26 23:20:00-04:00,0.7053,0.7056,0.7051,0.7056,20691.2615433,18.5023276,15.42182953,20555076.23485304,76959656.21185316,9.9999999999989e-05
ADA-USD,2025-04-26 23:20:00-04:00,0.7053,0.7059,0.7047,0.7047,23056.76411222,275.44,155.06847468,20551817.13220014,76972795.82390028,9.9999999999989e-05
ADA-USD,2025-04-26 23:20:00-04:00,0.7053,0.7059,0.7036,0.7037,25303.2455107,3112.34263949,4091.10330815,20554889.5591891,76961679.18807395,0.0001999999999999
ADA-USD,2025-04-26 23:20:00-04:00,0.7053,0.7059,0.7036,0.704,29805.07988209,941.62478261,15.45022258,20552827.30272284,76986829.65181954,9.9999999999989e-05
ADA-USD,2025-04-26 23:25:00-04:00,0.704,0.7041,0.7028,0.7028,75235.19903007,1.51858709,726.76409607,20532086.47198088,76892160.19548503,9.9999999999989e-05
ADA-USD,2025-04-26 23:25:00-04:00,0.704,0.7041,0.7028,0.703,82384.2293118,0.00953908,470.23824663,20536794.01480181,76915896.0729797,9.9999999999989e-05
ADA-USD,2025-04-26 23:25:00-04:00,0.704,0.7041,0.7023,0.7027,82486.98412169,1.42355865,139.6258,20511768.60983551,76948077.91006081,9.9999999999989e-05
ADA-USD,2025-04-26 23:25:00-04:00,0.704,0.7041,0.7023,0.7028,82747.92692638,1.87815409,15.48116949,20546728.90834299,76911554.38233736,9.9999999999989e-05
ADA-USD,2025-04-26 23:25:00-04:00,0.704,0.7041,0.7023,0.7032,82800.27199837,2024.43006328,4370.39093184,20564343.21454893,76923640.32424161,0.0001999999999999
ADA-USD,2025-04-26 23:30:00-04:00,0.7034,0.7035,0.7029,0.7031,3288.62719697,15.47343127,4.30955806,20534777.10158508,76940880.17501223,0.0001000000000001
ADA-USD,2025-04-26 23:30:00-04:00,0.7034,0.7035,0.7025,0.7033,23848.1358543,15.47563233,1.49048464,20530071.37743331,76903270.85712358,9.9999999999989e-05
ADA-USD,2025-04-26 23:30:00-04:00,0.7034,0.7047,0.7025,0.7047,28114.3601721,15.44268208,139.6258,20595051.19212298,76903560.8916237,9.9999999999989e-05
ADA-USD,2025-04-26 23:30:00-04:00,0.7034,0.7057,0.7025,0.7055,33792.23850202,1956.15639393,59.0643522,20525554.98678921,76891000.56832118,0.0001999999999999
ADA-USD,2025-04-26 23:30:00-04:00,0.7034,0.7058,0.7025,0.7058,35328.77348094,2.55463242,15.42380351,20553355.65449313,76873713.22227834,9.9999999999989e-05
ADA-USD,2025-04-26 23:35:00-04:00,0.7056,0.7057,0.7053,0.7056,397.90901717,2246.32144029,3.64274178,20584014.681716472,76881023.83062132,0.0001999999999999
ADA-USD,2025-04-26 23:35:00-04:00,0.7056,0.7057,0.7053,0.7054,694.10622432,15.41642274,270.42272382,20580004.387616534,76932153.0433688,9.9999999999989e-05
ADA-USD,2025-04-26 23:35:00-04:00,0.7056,0.7059,0.7053,0.7059,1191.26019028,15.41423849,1619.8956755,20583559.36859894,76939162.85224125,9.9999999999989e-05
ADA-USD,2025-04-26 23:35:00-04:00,0.7056,0.7061,0.7053,0.7058,1908.93468031,15.41642274,6093.04494709,20600720.00736629,76891510.70685473,9.9999999999989e-05
ADA-USD,2025-04-26 23:35:00-04:00,0.7056,0.7061,0.7053,0.7056,4648.81453931,8.47685901,5478.44426481,20592347.34076016,76915922.19191341,9.9999999999989e-05
ADA-USD,2025-04-26 23:40:00-04:00,0.7056,0.7057,0.7049,0.7051,11602.74759183,2835.24559129,4260.40804477,20533703.07296722,76913460.21757452,0.0002
ADA-USD,2025-04-26 23:40:00-04:00,0.7056,0.7057,0.7048,0.7052,12968.30584918,724.39055528,469.3211477,20573643.76916841,76879406.87001453,9.9999999999989e-05
ADA-USD,2025-04-26 23:40:00-04:00,0.7056,0.7057,0.7044,0.7044,15970.24705058,4325.3533178,14.24883382,20575566.724790443,76883017.61696908,9.9999999999989e-05
ADA-USD,2025-04-26 23:40:00-04:00,0.7056,0.706,0.7044,0.7059,26269.63729433,3557.23865381,2.72103249,20575784.52023692,76919761.67449191,9.9999999999989e-05
ADA-USD,2025-04-26 23:40:00-04:00,0.7056,0.706,0.7044,0.7053,35304.56061903,2170.7175151,464.36240503,20530540.42394794,76935153.34785022,9.9999999999989e-05
ADA-USD,2025-04-26 23:45:00-04:00,0.7052,0.7052,0.7045,0.7048,11284.11485733,2.77044388,1872.19069128,20528227.15160952,76911698.58212745,9.9999999999989e-05
ADA-USD,2025-04-26 23:45:00-04:00,0.7052,0.7052,0.7042,0.7047,14982.4237124,15.44268208,5.44679671,20571268.35363883,76915928.19624995,9.9999999999989e-05
ADA-USD,2025-04-26 23:45:00-04:00,0.7052,0.7058,0.7041,0.7058,21402.97711105,8.19e-06,9037.20828929,20559332.04070046,76958232.77221075,9.9999999999989e-05
ADA-USD,2025-04-26 23:45:00-04:00,0.7052,0.7058,0.7041,0.7049,40373.00658048,15.44268208,345.78003663,20585608.3981378,76920351.48279242,9.9999999999989e-05
ADA-USD,2025-04-26 23:45:00-04:00,0.7052,0.7058,0.7039,0.7039,41375.5329321,1.53985934,155.08268254,20516781.41011608,76928354.17703429,9.9999999999989e-05
ADA-USD,2025-04-26 23:50:00-04:00,0.7037,0.7039,0.7036,0.7039,4013.3330134,15.46023806,364.59544723,20509031.18020797,76910852.16110101,9.9999999999989e-05
ADA-USD,2025-04-26 23:50:00-04:00,0.7037,0.7039,0.7032,0.7032,6369.42779104,4.5361654,364.85236721,20333092.671426293,76891804.97205769,9.9999999999989e-05
ADA-USD,2025-04-26 23:50:00-04:00,0.7037,0.704,0.7032,0.7038,7640.19146841,15.46243537,332.09690073,20374359.666708183,76918632.87011945,9.9999999999989e-05
ADA-USD,2025-04-26 23:50:00-04:00,0.7037,0.7041,0.7032,0.7037,7730.92536525,5073.84380076,273.81013426,20288627.64200568,76898169.33639967,0.0002
ADA-USD,2025-04-26 23:50:00-04:00,0.7037,0.7041,0.703,0.7032,9574.55356554,2.86741485,15.47100704,20353803.75075636,76943748.99805367,9.9999999999989e-05
ADA-USD,2025-04-26 23:55:00-04:00,0.7036,0.7045,0.7036,0.7039,1101.12818559,2815.98284373,5359.61312635,20359251.93052658,76893664.85525091,0.0002999999999999
ADA-USD,2025-04-26 23:55:00-04:00,0.7036,0.7045,0.7035,0.7036,3907.28249804,2.06541899,15.46243718,20400718.196126048,76948017.22972035,9.9999999999989e-05
ADA-USD,2025-04-26 23:55:00-04:00,0.7036,0.7045,0.7035,0.7035,5487.76242376,2376.68648752,3818.7022645,20324004.54627924,76938347.04394756,0.0001999999999999
ADA-USD,2025-04-26 23:55:00-04:00,0.7036,0.7045,0.7035,0.7036,8891.48411363,15.46683185,250360.96996101,20457688.469072223,77170805.62700307,9.999999999998899e-05
